"Adventure Time Card Wars: Ice King vs. Marceline|age"
"Chess|time"
"Clue: The Card Game|age"
"Cosmic Encounter: 42nd Anniversary Edition|age"
"Damn You Autocorrect: The Board Game|time"
"Damn You Autocorrect: The Board Game|age"
"Finspan|age"
"Fugitive (Second Edition)|age"
"The Great Wall: Stretch Goals|age"
"How to Be a Complete Bastard|time"
"Joan of Arc: Orléans Draw &amp; Write|age"
"Kabuto Sumo|age"
"Love Letter: Princess Princess Ever After|age"
"Monopoly: The Portable Property Trading Game|age"
"One Night Ultimate Super Heroes|age"
"ONO 99|time"
"Pirates of Perfidy|age"
"Quacks|age"
"Root: The Marauder Expansion|age"
"Sea Battle|time"
"Sea Battle|age"
"Selfish: Marvel Edition|age"
"The Settlers of Catan|age"
"Splendor: Cities of Splendor|age"
"Tainted Grail: The Fall of Avalon|age"
"Trivial Pursuit: Supernatural|time"
"Ultimate Werewolf: Deluxe Edition|age"
"Viticulture Essential Edition|age"
