name,playable,status,for_sale,expansion,price,price_text,rating,bgg_link,players,age,time,category,play_style,blurb,pick_by,pick_note,rec_list,rec_note,notes,rules_link
20 Questions,yes,,,,,2+,8+,30 mins,"Party, Family",competitive,5.8,https://boardgamegeek.com/boardgame/3377,Taboo's quieter guessing cousin,,,,,,,
3 Ring Circus,yes,,,,,2-4,10+,60-90 mins,"Strategy, Family",competitive,7.2,https://boardgamegeek.com/boardgame/371947,a compact touring euro in the Concordia spirit,,,,,,,
5 Minute Marvel,yes,,,,,2-5,8+,5 mins,"Cooperative, Action",co-op,6.7,https://boardgamegeek.com/boardgame/253618,5-Minute Dungeon wearing Avengers suits,,,,,,,
5 Second Rule,yes,,,,,3+,10+,20 mins,"Party, Family",competitive,5.5,https://boardgamegeek.com/boardgame/86073,Tapple's shout-it-fast sibling,,,,,,,
7 Wonders,yes,,yes,,~$80,2-7,10+,30 mins,"Strategy, Family",competitive,7.7,https://boardgamegeek.com/boardgame/68448,"Sushi Go grown up, the benchmark drafting game",,,,,,,
7 Wonders Duel,yes,,,,,2,10+,30 mins,Strategy,competitive,8.1,https://boardgamegeek.com/boardgame/173346,7 Wonders rebuilt for two,,,,,,,
A Game Called Birds,yes,,,,,3-8,12+,30 mins,"Party, Conversation",competitive,,https://boardgamegeek.com/boardgame/436363,Top Trumps for Australian birds. A spinner picks the stat,,,,,,,
A Game of Thrones 2nd Edition,yes,,,,,3-6,14+,180 mins,"Strategy, Thematic",competitive,7.5,https://boardgamegeek.com/boardgame/103343,Diplomacy in Westeros,,,,,,,
A Little Wordy,yes,,,,,2,10+,15-20 mins,"Word, Strategy",competitive,6.7,https://boardgamegeek.com/boardgame/335869,Scrabble tiles turned into a two-player deduction duel,,,,,,,
A&A: Pacific 1940,no,,yes,,~$140,2-4,12+,240 mins,"Wargame, Strategy",teams,7.6,https://boardgamegeek.com/boardgame/55829/axis-and-allies-pacific-1940,"Axis & Allies 1942, deeper and longer",,,,,,,
Adventure Time: Card Wars,yes,,,,,2,10+,30 mins,"Strategy, Card Game",competitive,6.1,https://boardgamegeek.com/boardgame/144728,"Magic: The Gathering lite, in cartoon form",,,,,,,
Aethermon,yes,,,,,2-4,8+,30 mins,"Strategy, Card Game",competitive,6.6,https://boardgamegeek.com/boardgame/388721/aethermon-collect,Pokémon battling grown into a board game,,,,,,,
Agricola,yes,,,,,1-5,12+,30-150 mins,Strategy,competitive,7.9,https://boardgamegeek.com/boardgame/31260,"the classic farming euro, Caverna's stricter parent",,,,,,,
Alchemists,yes,,yes,,~$90,2-4,13+,120 mins,"Strategy, Deduction",competitive,7.6,https://boardgamegeek.com/boardgame/161970,Sherlock Holmes deduction inside Lords of Waterdeep worker placement,Jehan,"Deduction masterpiece, big teach",,,,,
Anomia,yes,,,,,3-6,10+,30 mins,"Party, Word",competitive,6.7,https://boardgamegeek.com/boardgame/67877,"snap with categories, Ghost Blitz energy",,,,,,,
Aquaduck,yes,,no,,,1-6,10+,60-120 mins,"Card Game, City Building",competitive,9.5,https://boardgamegeek.com/boardgame/434415/aqueducks,City-states vie to be the heart of the Roman Eggpublic in this 3D city-builder. ,,,,,,,
Arboretum,yes,,,,,2-4,8+,30 mins,"Strategy, Card Game",competitive,7.2,https://boardgamegeek.com/boardgame/140934,"Lost Cities' beautiful, brutal cousin",,,,,,,
Arcs,no,,yes,,$80–110,2-4,14+,60-120 mins,"Strategy, Science Fiction",competitive,8.0,https://boardgamegeek.com/boardgame/359871/arcs,"Root and Oath, condensed into 90 minutes",,,,,,,
Arcs: The Blighted Reach,no,,yes,yes,~$140,2-4,14+,90-180 mins,"Strategy, Expansion",competitive,9,https://boardgamegeek.com/boardgame/363757/arcs-the-blighted-reach-expansion,"Oath, a competitive campaign epic",Jehan,,,,,,
Ark Nova,yes,,,,,1-4,14+,90-150 mins,"Strategy, Economic",competitive,8.5,https://boardgamegeek.com/boardgame/342942,Terraforming Mars with zoos,,,,,,,
Art Decko,yes,,,,,2-4,10+,45-60 mins,"Deck Building, Family",competitive,6.8,https://boardgamegeek.com/boardgame/260316,Dominion-style deck building about collecting art,,,,,,,
AssassinCon,yes,,,,,4-6,12+,60 mins,"Deduction, Party",competitive,5.7,https://boardgamegeek.com/boardgame/154778,Ultimate Werewolf loose at a convention,,,,,,,
Asteroyds,yes,,,,,2-6,10+,30-45 mins,"Racing, Tactical",competitive,6.3,https://boardgamegeek.com/boardgame/65200,RoboRally-style programming at speed,,,,,,,
AutoCorrect,yes,,,,,3-8,12+,20 mins,Party,competitive,,https://boardgamegeek.com/boardgame/452407,Cards Against Humanity's texting cousin,,,,,,,
Avalon,yes,,,,,5-10,13+,30 mins,"Party, Social Deduction",teams,7.5,https://boardgamegeek.com/boardgame/128882,"The Resistance with Merlin, the social-deduction standard",,,,,,,
Awkward Guests - The Mr Walton Case,yes,,,,,2-8,12+,45-75 mins,Deduction,competitive,7.5,https://boardgamegeek.com/boardgame/188866,Cluedo grown into a real deduction engine,,,,,,,
Axis & Allies (1942),no,,yes,,~$90,2-5,12+,3h+,"Wargame, Strategy",teams,7.2,https://boardgamegeek.com/boardgame/41863,"Risk, grown up",,,,,,,
Azul,yes,,yes,,~$65,2-4,8+,30-45 mins,"Abstract Strategy, Family",7.8,7.8,https://boardgamegeek.com/boardgame/230802/azul,"Cascadia's abstract cousin, pattern-drafting tiles",,,,,,,
Backgammon,yes,,,,,2,8+,30 mins,"Abstract Strategy, Classic",competitive,6.6,https://boardgamegeek.com/boardgame/2397,"the original roll-and-move duel, five thousand years running",,,,,,,
Balderdash,yes,,,,,2-6,12+,60 mins,"Party, Word",competitive,6.5,https://boardgamegeek.com/boardgame/163,"bluff the definition, Fibbage before phones",,,,,,,
BANG! Old Saloon expansion,yes,,,yes,,4-7,8+,20-40 mins,"Party, Social Deduction",competitive,,https://boardgamegeek.com/boardgameexpansion/193614,extra characters and cards for BANG!,,,,,,,
BANG! The Card Game,yes,,,,,4-7,8+,20-40 mins,"Party, Card Game",teams,6.5,https://boardgamegeek.com/boardgame/3955,spaghetti-western Werewolf with bullets,,,,,,,
BANG! The Dice Game,yes,,,,,3-8,8+,15-30 mins,"Party, Dice Game",teams,6.9,https://boardgamegeek.com/boardgame/143741,BANG! condensed into dice,,,,,,,
Barcelona,yes,,,,,2-4,12+,60-120 mins,"Strategy, Economic",competitive,7.7,https://boardgamegeek.com/boardgame/383607,Brass Birmingham's Spanish cousin,,,,,,,
Betrayal at Baldur's Gate,yes,,,,,3-6,12+,60 mins,"Horror, Cooperative",co-op,7.1,https://boardgamegeek.com/boardgame/228660,Betrayal at House on the Hill gone D&D,,,,,,,
Betrayal at House on the Hill,yes,,yes,,~$80,3-6,12+,60 mins,"Horror, Cooperative",co-op,7,https://boardgamegeek.com/boardgame/10547,Dead of Winter's haunted-house little sibling,,,,,,,
Beyond the Sun,yes,,,,,2-4,14+,90-120 mins,"Strategy, Sci-Fi",competitive,7.9,https://boardgamegeek.com/boardgame/317985,"a tech-tree race, Through the Ages distilled",,,,,,,
Bigger is Better,yes,,,,,3-8,12+,30 mins,"Party, Humor",competitive,,https://boardgamegeek.com/boardgame/297123,party silliness in the Cards Against Humanity vein,,,,,,,
Bitoku,yes,,,,,1-4,14+,120 mins,"Strategy, Fantasy",competitive,7.8,https://boardgamegeek.com/boardgame/323612,"Everdell's mystical, heavier cousin",,,,,,,
Black Mirror Nose Dive,yes,,,,,3-6,13+,45-60 mins,Social Strategy,competitive,4,https://boardgamegeek.com/boardgame/265316,The Game of Life scored by social ratings,,,,,,,
Block Party,yes,,,,,2-8,8+,20-30 mins,"Party, Dexterity",competitive,6.6,https://boardgamegeek.com/boardgame/379300,Jenga meets Pictionary with blocks,,,,,,,
Blokus,yes,,,,,2-4,7+,20-30 mins,"Abstract Strategy, Family",competitive,6.9,https://boardgamegeek.com/boardgame/2453,Tetris as an area-control duel,,,,,,,
Blood on the Clocktower,yes,,,,,5-20,15+,60-120 mins,"Party, Social Deduction",teams,8.3,https://boardgamegeek.com/boardgame/240980,Werewolf perfected. Death doesn't end your game,,,,,,,
Bohnanza: 25th Anniversary Edition,yes,,,,,2-7,12+,45 mins,"Family, Card Game",competitive,7.1,https://boardgamegeek.com/boardgame/11,"the bean-trading classic, Catan's haggling with no board",,,,,,,
boop.,yes,,yes,,~$60,2,10+,20 mins,"Abstract Strategy, Family",competitive,7.4,https://boardgamegeek.com/boardgame/355433,tic-tac-toe with cat physics,,,,,,,
Brass Birmingham,yes,,,,,2-4,14+,60-120 mins,"Economic, Strategy",competitive,8.6,https://boardgamegeek.com/boardgame/224517,"the canal-era economic classic, Concordia with teeth",,,,,,,
Brew Crafters,yes,,,,,2-5,13+,90-120 mins,"Worker Placement, Economic",competitive,7.3,https://boardgamegeek.com/boardgame/139898,Viticulture with beer,,,,,,,
Cape May,yes,,,,,1-4,13+,90-120 mins,"Strategy, Economic",competitive,7.2,https://boardgamegeek.com/boardgame/281248,"a gentle seaside euro, Viticulture's beach holiday",,,,,,,
Caravan,yes,,,,,2-4,10+,45-60 mins,"Strategy, Economic",competitive,6.6,https://boardgamegeek.com/boardgame/269789,a route-and-trade euro in the Concordia family,,,,,,,
Carcassonne,yes,,yes,,~$60,2-5,7+,45 mins,"Family, Tile Placement",competitive,7.4,https://boardgamegeek.com/boardgame/822,Dorfromantik's competitive ancestor,,,,,,,
Cards Against Humanity,yes,,,,,4-20+,17+,30-90 mins,"Party, Adult",competitive,5.7,https://boardgamegeek.com/boardgame/50381,Apples to Apples gone feral,,,,,,,
Carnegie,yes,,,,,1-4,12+,90-120 mins,"Strategy, Economic",competitive,8,https://boardgamegeek.com/boardgame/310873,Brass Birmingham's American industrialist rival,,,,,,,
Cascadero,yes,,,,,2-4,8+,45 mins,"Strategy, Family",competitive,7.3,https://boardgamegeek.com/boardgame/401216,Knizia's galloping cousin of Through the Desert,,,,,,,
Cascadia,no,,yes,,~$65,1-4,10+,30-45 mins,"Family, Tile Placement",competitive,7.9,https://boardgamegeek.com/boardgame/295947/cascadia,Azul-adjacent tile drafting with wildlife,,,,,,,
Cascadito,yes,,,,,2-4,6+,30 mins,"Family, Strategy",competitive,6.5,https://boardgamegeek.com/boardgame/401217,Cascadero's lighter little sibling,,,,,,,
Casting Shadows,yes,,,,,2-4,12+,45-60 mins,"Strategy, Fantasy",competitive,6.3,https://boardgamegeek.com/boardgame/359502,Munchkin-style take-that with shadow monsters,,,,,,,
Castle Combo,yes,,,,,2-5,10+,25 mins,"Family, Card Game",competitive,7.7,https://boardgamegeek.com/boardgame/416851,a 3x3 combo puzzle at Splendor pace,,,,,,,
Cat Crimes,yes,,,,,1+,8+,20 mins,"Puzzle, Deduction",competitive,,,Cluedo compressed into cat logic puzzles,,,,,,,
Catan Settlers of America,yes,,,,,3-4,12+,120 mins,"Strategy, Family",competitive,6.8,https://boardgamegeek.com/boardgame/67239,Catan goes west with trains and wagons,,,,,,,
Catan The Settlers,yes,,,,,3-4,10+,60-120 mins,"Strategy, Family",competitive,7.1,https://boardgamegeek.com/boardgame/13,the trading-and-building gateway classic,,,,,,,
CDMC 3000,yes,,,,,2-3,8+,10-20 mins,"Party, Dexterity",competitive,,https://boardgamegeek.com/boardgame/25695,party dexterity in the Jungle Speed vein,,,,,,,
Chameleon Game,yes,,,,,3-8,14+,15 mins,"Party, Deduction",competitive,6.5,https://boardgamegeek.com/boardgame/227072,Spyfall in reverse. Find the faker,,,,,,,
Champions of Midgard,yes,,,,,2-4,10+,60-90 mins,"Strategy, Worker Placement",competitive,7.7,https://boardgamegeek.com/boardgame/172287,Lords of Waterdeep with dice-battled monsters,,,,,,,
Chess,yes,,,,,2,6+,60 mins,"Abstract Strategy, Classic",competitive,7.2,https://boardgamegeek.com/boardgame/171,the abstract strategy benchmark,,,,,,,
Chucky (Child's Play),yes,,,,,2-5,17+,45-60 mins,"Thematic, Horror",competitive,7,https://boardgamegeek.com/boardgame/405696,slasher-movie horror in the Betrayal spirit,,,,,,,
Citadels,no,,yes,,~$40,2-8,10+,60 mins,"Card Game, Bluffing",competitive,7.1,https://boardgamegeek.com/boardgame/478,Coup and Love Letter energy that seats eight,,,,,,,
Clank,yes,,,,,2-4,13+,30-60 mins,"Deck Building, Adventure",competitive,7.8,https://boardgamegeek.com/boardgame/201808,Dominion goes dungeon-delving with push-your-luck,,,,,,,
Clickbait,yes,,,,,3-8,14+,30-45 mins,"Party, Word",competitive,5.3,https://boardgamegeek.com/boardgame/254417,Balderdash for the internet age,,,,,,,
Clue card game,yes,,,,,3-4,8+,15-30 mins,"Deduction, Family",competitive,5.9,https://boardgamegeek.com/boardgame/88922,Cluedo distilled to cards,,,,,,,
Cluedo Game of Thrones,yes,,,,,2-6,18+,60 mins,"Deduction, Thematic",competitive,6,https://boardgamegeek.com/boardgame/198328,classic Cluedo in Westeros,,,,,,,
Cluedo SFX,yes,,,,,2-4,8+,30 mins,"Deduction, Family",competitive,,https://boardgamegeek.com/boardgame/8069,Cluedo with sound effects and app-era twists,,,,,,,
Codenames,yes,,yes,,~$35,2-8,14+,15 mins,"Party, Word Game",teams,7.5,https://boardgamegeek.com/boardgame/178900,the party-deduction benchmark. Just One is its co-op cousin,,,,,,,
Codenames Pictures,yes,,,,,2-8,10+,15 mins,"Party, Deduction",teams,7.2,https://boardgamegeek.com/boardgame/198773,Codenames with pictures,,,,,,,
Coffee Traders,yes,,,,,2-5,14+,120-180 mins,"Economic, Strategy",competitive,7.7,https://boardgamegeek.com/boardgame/325022,Brass-weight cooperative-competitive coffee farming,,,,,,,
Colour Crazy,yes,,,,,2-6,6+,20 mins,"Family, Card Game",competitive,,https://boardgamegeek.com/boardgame/400870,"Uno at speed, and the colour word never matches the ink",,,,,,,
Concept Kids,yes,,,,,2-12,4+,20 mins,"Cooperative, Family",co-op,7,https://boardgamegeek.com/boardgame/247314,Concept simplified for little players,,,,,,,
Concordia,yes,,yes,,~$95,2-5,12+,90-120 mins,"Strategy, Economic",competitive,8.1,https://boardgamegeek.com/boardgame/124361,"a gentler Brass Birmingham, trade routes without the crunch",,,,,,,
Cosmic Encounter,yes,,yes,,~$95,3-5,14+,60-120 mins,"Science Fiction, Negotiation",competitive,7.5,https://boardgamegeek.com/boardgame/39463,Coup's chaos scaled to a galaxy of shifting alliances,Jehan,The rules are lies,,,,,
Cosmic Encounter 42nd Anniversary Edition,yes,,,,,3-5,12+,60-120 mins,"Strategy, Sci-Fi",competitive,7.5,https://boardgamegeek.com/boardgame/39463,Coup's chaos scaled to a galaxy of shifting alliances,,,,,,,
Coup,yes,,,,,2-6,10+,15 mins,"Card Game, Bluffing",competitive,7,https://boardgamegeek.com/boardgame/131357,Love Letter with lying,,,,,,,
Coup Rebellion,yes,,,,,2-6,10+,15-30 mins,"Card Game, Bluffing",competitive,7,https://boardgamegeek.com/boardgame/148943,Coup with a rotating role menu,,,,,,,
Coup Reformation,yes,,,yes,,2-10,10+,15 mins,"Party, Social Deduction",competitive,,https://boardgamegeek.com/boardgameexpansion/148931,Coup with religious factions to hide behind,,,,,,,
Cranium,yes,,,,,4-16,13+,60 mins,"Party, Family",teams,5.7,https://boardgamegeek.com/boardgame/891,"Pictionary, charades and trivia in one box",,,,,,,
Critter Kitchen,yes,,,,,2-5,10+,45 mins,"Family, Strategy",competitive,7.8,https://boardgamegeek.com/boardgame/393429,"a cute cooking draft, Sushi Go grown into a dinner service",,,,,,,
Cubitos,yes,,,,,2-4,8+,30 mins,"Family, Dice Game",competitive,7.4,https://boardgamegeek.com/boardgame/298069,Quacks of Quedlinburg on a racetrack,,,,,,,
Cubo,yes,,,,,2-4,8+,15 mins,"Family, Dice",competitive,5.6,https://boardgamegeek.com/boardgame/166532,Yahtzee in a 3x3 grid. Reroll everything or nothing,,,,,,,
Dead of Winter,yes,,,,,2-5,14+,60-120 mins,"Cooperative, Thematic",co-op,7.4,https://boardgamegeek.com/boardgame/150376,Betrayal's zombie-colony big sibling with traitors,,,,,,,
Deal with the Devil,yes,,yes,,~$100,3-6,14+,60-90 mins,"Strategy, Hidden Roles",competitive,7,https://boardgamegeek.com/boardgame/367379,Sheriff of Nottingham bluffing fused with a heavy euro,Jehan,Hidden roles inside a heavy euro,,,,,
Dinosaur Island,yes,,,,,1-4,10+,90-120 mins,"Strategy, Economic",competitive,7.5,https://boardgamegeek.com/boardgame/221194,Jurassic Park as a Lords of Waterdeep-style euro,,,,,,,
Diplomacy,no,,yes,,~$70,2-7,12+,360 mins,"Wargame, Negotiation",competitive,6.9,https://boardgamegeek.com/boardgame/483,"Risk without dice, pure negotiation",,,,,,,
Dirty Laundry,yes,,,,,4-10,17+,30 mins,"Party, Humor",competitive,,,Cards Against Humanity pointed at your friends,,,,,,,
Dixit,yes,,yes,,~$55,3-6,8+,30 mins,"Party, Storytelling",competitive,7.2,https://boardgamegeek.com/boardgame/39856,Mysterium's picture-poetry sibling,,,,,,,
Dominion,yes,,,,,2-4,14+,30 mins,"Deck Building, Strategy",competitive,7.6,https://boardgamegeek.com/boardgame/36218,"the original deck-builder, Clank! without the dungeon",,,,,,,
Dominion Intrigue,yes,,,,,2-4,14+,30 mins,"Deck Building, Strategy",competitive,7.7,https://boardgamegeek.com/boardgame/40834,Dominion with sharper elbows,,,,,,,
Dorfromantik,no,,yes,,~$65,1-6,8+,45 mins,"Family, Cooperative",co-op,7.5,https://boardgamegeek.com/boardgame/370591/dorfromantik-the-board-game,"co-op Carcassonne, straight from the video game",Jehan,Cosiest co-op going,,,,,
Dorfromantik - The Duel,yes,,,,,2,8+,30 mins,"Tile Placement, Strategy",competitive,7,https://boardgamegeek.com/boardgame/395364,Dorfromantik head-to-head,,,,,,,
Dos,yes,,,,,2-4,7+,30 mins,"Family, Card Game",competitive,4.8,https://boardgamegeek.com/boardgame/246701,Uno's number-matching sequel,,,,,,,
Dreadful Circus,yes,,,,,2-8,12+,60 mins,"Bidding, Set Collection",competitive,6.5,https://boardgamegeek.com/boardgame/329714,a hidden-value auction in the Sheriff of Nottingham spirit,,,,,,,
Durian Dash,yes,,,,,2-4,8+,20-30 mins,"Family, Strategy",competitive,6,https://boardgamegeek.com/boardgame/340396,family set-scrambling in the Sushi Go vein,,,,,,,
El Grande,yes,,,,,2-5,12+,90 mins,"Strategy, Area Control",competitive,7.8,https://boardgamegeek.com/boardgame/93,the area-majority benchmark Rising Sun descends from,,,,,,,
Eldritch Horror Mountains of Madness,yes,,,yes,,1-8,14+,120-240 mins,"Cooperative, Expansion",co-op,8.2,https://boardgamegeek.com/boardgameexpansion/164167,the Antarctic expansion for Eldritch Horror,,,,,,,
Epic Card Game,yes,,,,,2-4,13+,20 mins,"Card Game, Fantasy",competitive,6.4,https://boardgamegeek.com/boardgame/175621,Magic: The Gathering compressed into one deck,,,,,,,
Everdell,yes,,yes,,~$100,1-4,10+,40-80 mins,"Strategy, Family",competitive,8.0,https://boardgamegeek.com/boardgame/199792,Wingspan crossed with Lords of Waterdeep,Ollie,Table wow factor every time,,,,,
Everdell Duo,no,,yes,,~$52,1-2,10+,25-40 mins,"Strategy, Card Game",competitive,7.8,https://boardgamegeek.com/boardgame/425005,Everdell distilled for two,,,,,,,
Everdell: Silverfrost,no,,yes,,$90 ess / $150+ coll,1-4,10+,30-120 mins,"Strategy, Family",competitive,8.0,https://boardgamegeek.com/boardgame/436821,"Everdell, refined",Jehan,Prettiest engine on the shelf,,,,,
EXIT: The Game (series),no,,yes,,$25–30 ea,1-4,12+,60 mins,"Cooperative, Puzzle",co-op,7.4,https://boardgamegeek.com/boardgamefamily/36963,"an escape room in a box. Components get torn, one play each",Jehan,Escape room night in a box,,,,,
Exploding Kittens,yes,,,,,2-5,7+,15 mins,"Party, Card Game",competitive,6.1,https://boardgamegeek.com/boardgame/172225,Uno crossed with Russian roulette,,,,,,,
Festo,yes,,,,,2-4,10+,45-60 mins,"Family, Strategy",competitive,6.7,https://boardgamegeek.com/boardgame/253679,light family strategy in the Kingdomino weight class,,,,,,,
Fight the Blight,yes,,,,,1-4,12+,60-120 mins,"Cooperative, Strategy",co-op,,https://boardgamegeek.com/boardgame/359959,a co-op in the Pandemic mould,,,,,,,
Fire & Stone,yes,,,,,2-4,10+,45-60 mins,Strategy,competitive,6.1,https://boardgamegeek.com/boardgame/342927,a light civ-builder. Catan meets Stone Age,,,,,,,
Fire Tower,yes,,,,,2-4,12+,15-30 mins,"Strategy, Tactical",competitive,7.1,https://boardgamegeek.com/boardgame/226605,competitive Forbidden Island. Push the fire at each other,,,,,,,
Flip City,yes,,,,,1-4,8+,30 mins,"Deck Building, Strategy",competitive,6.3,https://boardgamegeek.com/boardgame/168679,Dominion micro-sized with push-your-luck,,,,,,,
Fog of Love,yes,,,,,2,17+,90 mins,"Party, Storytelling",competitive,6.6,https://boardgamegeek.com/boardgame/175324,a two-player rom-com. Roleplay meets hidden agendas,,,,,,,
Forbidden Desert,yes,,yes,,~$48,2-5,10+,45 mins,"Cooperative, Adventure",co-op,7.1,https://boardgamegeek.com/boardgame/136063,"Forbidden Island, one step up",,,,,,,
Forbidden Island,yes,,yes,,~$40,2-4,10+,30 mins,"Cooperative, Family",co-op,6.8,https://boardgamegeek.com/boardgame/65244,"Pandemic, junior edition",,,,,,,
Forbidden Jungle,yes,,yes,,~$52,2-4,10+,45 mins,"Cooperative, Adventure",co-op,7.3,https://boardgamegeek.com/boardgame/380226,"Forbidden Desert, another step up",,,,,,,
Forgotten Waters,yes,,,,,3-7,14+,120-240 mins,"Cooperative, Thematic",co-op,7.7,https://boardgamegeek.com/boardgame/302723,"Betrayal-style pirate storybook, fully co-op",,,,,,,
Founders of Gloomhaven,yes,,,,,1-4,12+,90-150 mins,"City Building, Strategy",competitive,6.6,https://boardgamegeek.com/boardgame/214032,"Gloomhaven's city-building spinoff, closer to Lords of Waterdeep",,,,,,,
Four Gardens,yes,,,,,2-4,10+,45 mins,"Strategy, Family",competitive,6.9,https://boardgamegeek.com/boardgame/296043,Tokaido's puzzly pagoda cousin,,,,,,,
Fugitive,yes,,,,,2,10+,10-20 mins,"Strategy, Deduction",competitive,7.1,https://boardgamegeek.com/boardgame/197443,"a two-player chase, Sherlock deduction at speed",,,,,,,
Fuji,yes,,,,,2-4,10+,30-60 mins,Cooperative,co-op,6.6,https://boardgamegeek.com/boardgame/258308,"co-op dice communication like The Mind, harder",,,,,,,
Gaia Project - A Terra Mystica Game,yes,,,,,1-4,14+,60-150 mins,"Strategy, Sci-Fi",competitive,8.3,https://boardgamegeek.com/boardgame/220308,"Terra Mystica in space, the heavy euro summit",,,,,,,
Galaxy Trucker,yes,,,,,2-4,10+,60 mins,"Strategy, Real-Time",competitive,7.3,https://boardgamegeek.com/boardgame/31481,Ubongo-style speed building strapped to a space disaster,,,,,,,
Game of Life: Twists and Turns,yes,,,,,2-4,8+,60 mins,"Family, Strategy",competitive,5.8,https://boardgamegeek.com/boardgame/28609,The Game of Life with a debit card,,,,,,,
Game of Thrones: Westeros Intrigue,yes,,,,,2-6,14+,20 mins,"Family, Card Game",competitive,5.3,https://boardgamegeek.com/boardgame/155693,Uno-weight card shedding with Lannister spite,,,,,,,
Ghost Blitz,no,,yes,,~$30,2-8,8+,20 mins,"Family, Dexterity",competitive,6.6,https://boardgamegeek.com/boardgame/83195,Jungle Speed reflexes with a logic twist,,,,,,,
Gloomhaven Jaws of the Lion,yes,,,,,1-4,14+,30-120 mins,"Strategy, Cooperative",co-op,8.4,https://boardgamegeek.com/boardgame/291457,"the campaign dungeon-crawl benchmark, starter size",,,,,,,
Great Western Trail,yes,,,,,2-4,12+,75-150 mins,Strategy,competitive,8.2,https://boardgamegeek.com/boardgame/193738,cattle-drive strategy. Concordia meets Clank!,,,,,,,
Greed,yes,,,,,2-5,10+,45 mins,"Strategy, Card Game",competitive,6.6,https://boardgamegeek.com/boardgame/151247,a card tableau race from Dominion's designer,,,,,,,
Hadara,yes,,,,,2-5,10+,60 mins,"Strategy, Civilization",competitive,7.4,https://boardgamegeek.com/boardgame/269144,7 Wonders' streamlined civilisation cousin,,,,,,,
Hanabi,yes,,,,,2-5,8+,25 mins,"Cooperative, Card Game",co-op,7,https://boardgamegeek.com/boardgame/98778,"The Mind's older logical sibling, co-op with hidden hands",,,,,,,
Harmonies,yes,,,,,1-4,10+,30 mins,"Strategy, Family",competitive,8,https://boardgamegeek.com/boardgame/414317,Cascadia with landscapes you build upward,,,,,,,
Hawker Wars,yes,,,,,2-5,10+,30-45 mins,"Strategy, Economic",competitive,6,https://boardgamegeek.com/boardgame/365749,street-food stall economics at Machi Koro weight,,,,,,,
Headache,yes,,,,,2-4,5+,20 mins,"Family, Classic",competitive,4.4,https://boardgamegeek.com/boardgame/9921,"Frustration by another name, Pop-o-Matic Ludo",,,,,,,
Heat: Pedal to the Metal,yes,,,,,1-6,10+,60 mins,"Family, Racing",competitive,8,https://boardgamegeek.com/boardgame/366013,"Formula 1 as a hand-management race, Flamme Rouge's big brother",,,,,,,
How to Be a Complete Bastard,yes,,,,,2-6,18+,45 mins,"Party, Humor",competitive,,https://boardgamegeek.com/boardgame/11155,"an '80s comedy relic, Cards Against Humanity's rude uncle",,,,,,,
Hues and Cues,yes,,yes,,~$50,3-10,8+,30 mins,"Party, Family",competitive,6.4,https://boardgamegeek.com/boardgame/302520,Wavelength with colours,,,,,,,
Imperial Settlers,yes,,,,,1-4,10+,45-90 mins,"Strategy, Card Game",competitive,7.3,https://boardgamegeek.com/boardgame/154203,Catan energy in a card tableau engine,,,,,,,
Istanbul,yes,,,,,2-5,10+,40-60 mins,"Strategy, Economic",competitive,7.5,https://boardgamegeek.com/boardgame/148949,"a bazaar logistics race, Splendor with legs",,,,,,,
Jaipur,yes,,,,,2,12+,30 mins,"Strategy, Card Game",competitive,7.5,https://boardgamegeek.com/boardgame/54043,"the two-player trading classic, Splendor for two",,,,,,,
Joan of Arc,yes,,,,,2-4,14+,60-120 mins,"Historical, Strategy",competitive,6.3,https://boardgamegeek.com/boardgame/64,"miniatures-heavy historical battles, War of the Ring scale",,,,,,,
Jungle Speed,yes,,,,,2-10,7+,15 mins,"Party, Dexterity",competitive,6.5,https://boardgamegeek.com/boardgame/8098,Ghost Blitz's totem-grabbing rival,,,,,,,
Just One,yes,,yes,,~$45,3-7,8+,20 mins,"Party, Word Game",competitive,7.6,https://boardgamegeek.com/boardgame/254640,Codenames' co-op cousin,,,,,,,
Kabuto Sumo,yes,,,,,2-4,6+,20 mins,"Party, Dexterity",competitive,6.7,https://boardgamegeek.com/boardgame/320390,"a coin-pusher duel, sumo with beetles",,,,,,,
Kairo,yes,,,,,2-4,10+,60 mins,"Economic, Family",competitive,6.5,https://boardgamegeek.com/boardgame/107635,a market-building family euro in the Istanbul spirit,,,,,,,
Kami-Sama,yes,,,,,2-4,10+,45-90 mins,"Strategy, Area Control",competitive,6.6,https://boardgamegeek.com/boardgame/232318,duelling spirits area control in the El Grande family,,,,,,,
Kero,yes,,,,,2,9+,30-45 mins,Resource Management,competitive,7,https://boardgamegeek.com/boardgame/222219,"a two-player push-your-luck race, Quacks for two",,,,,,,
Kingdom Rush - Rift in Time,yes,,,,,1-4,12+,60-90 mins,"Cooperative, Strategy",co-op,7.3,https://boardgamegeek.com/boardgame/272533,tower defence as a co-op polyomino puzzle,,,,,,,
Kingdomino,yes,,,,,2-4,8+,15-20 mins,"Family, Strategy",competitive,7.3,https://boardgamegeek.com/boardgame/204583,Carcassonne simplified into a 5x5 kingdom,,,,,,,
Kingdomino: Age of Giants,yes,,,yes,,2-5,8+,15-20 mins,"Strategy, Family",competitive,,https://boardgamegeek.com/boardgameexpansion/240909,Kingdomino with giants trampling your kingdom,,,,,,,
Last Heroes,yes,,,,,2-4,12+,30-45 mins,"Strategy, Card Game",competitive,4.9,https://boardgamegeek.com/boardgame/254686,a survival card game in the Dead of Winter shadow,,,,,,,
Legendary Inventors,yes,,,,,2-5,10+,40-60 mins,"Strategy, Family",competitive,6.3,https://boardgamegeek.com/boardgame/200785,an invention race with 7 Wonders workshop energy,,,,,,,
Life of a Chameleon,yes,,,,,2-6,8+,30 mins,"Family, Strategy",competitive,7.1,https://boardgamegeek.com/boardgame/337638,a family adventure in the Game of Life spirit,,,,,,,
Lightning Train,no,,yes,,~$95,2-4,10+,60-90 mins,"Family, Strategy",competitive,7.3,https://boardgamegeek.com/boardgame/445673,Ticket to Ride crossed with Clank! deck-building,,,,,,,
Logo Board Game,yes,,,,,2-6,12+,30-60 mins,"Trivia, Family",competitive,5.1,https://boardgamegeek.com/boardgame/64204,Trivial Pursuit for brand logos,,,,,,,
Lords of Waterdeep,yes,,,,,2-5,12+,60-120 mins,"Strategy, Worker Placement",competitive,7.7,https://boardgamegeek.com/boardgame/110327,"the friendly face of worker placement, D&D's Viticulture",,,,,,,
Lost Ruins of Arnak,yes,,,,,1-4,12+,30-120 mins,"Strategy, Exploration",competitive,8.1,https://boardgamegeek.com/boardgame/312484,deck-building meets worker placement. Clank! goes archaeology,,,,,,,
Love Letter - Infinity Gauntlet Edition,yes,,,,,2-6,10+,20 mins,"Card Game, Deduction",competitive,6.9,https://boardgamegeek.com/boardgame/304285,"Love Letter with Thanos. One deck, big bluffs",,,,,,,
Love Letter - Princess Ever After,yes,,,,,2-6,10+,20 mins,"Card Game, Deduction",competitive,7.2,https://boardgamegeek.com/boardgame/129622,"classic Love Letter, storybook edition",,,,,,,
Lucky Numbers,yes,,,,,2-4,8+,20 mins,"Family, Abstract",competitive,6.4,https://boardgamegeek.com/boardgame/118247,"a breezy number-grid race, bingo with actual decisions",,,,,,,
Machi Koro,yes,,,,,2-4,10+,30-45 mins,"Strategy, Family",competitive,6.6,https://boardgamegeek.com/boardgame/143884,"dice-rolling city building, Catan's little cousin",,,,,,,
Machi Koro 2,yes,,,,,2-5,10+,30-45 mins,"Family, Strategy",competitive,7.1,https://boardgamegeek.com/boardgame/340364,Machi Koro rebalanced by a decade of plays,,,,,,,
Man Bites Dog,yes,,,,,2-6,8+,20 mins,"Party, Word",competitive,4.6,https://boardgamegeek.com/boardgame/4035,"headline-building word play, tabloid Bananagrams",,,,,,,
Mansions of Madness,yes,,,,,1-5,14+,120-180 mins,"Cooperative, Horror",co-op,7.2,https://boardgamegeek.com/boardgame/83330,Betrayal's app-driven Lovecraft big brother,,,,,,,
Maracaibo,yes,,,,,1-4,12+,120-150 mins,"Strategy, Adventure",competitive,7.9,https://boardgamegeek.com/boardgame/276025,Great Western Trail's Caribbean rival,,,,,,,
Marvel United,yes,,,,,1-4,14+,40 mins,"Cooperative, Superhero",co-op,7.5,https://boardgamegeek.com/boardgame/298047,"a co-op comic strip, Pandemic-lite with heroes",,,,,,,
Marvel Villainous Infinite Power,yes,,,,,2-4,12+,40-80 mins,"Strategy, Superhero",competitive,6.7,https://boardgamegeek.com/boardgame/302336,"play the villain. Root-style asymmetry, lighter",,,,,,,
Mascarade,yes,,,,,2-13,10+,30 mins,"Bluffing, Deduction",competitive,6.5,https://boardgamegeek.com/boardgame/139030,Coup at thirteen players with swapped identities,,,,,,,
Meeple Circus,yes,,,,,2-5,8+,45 mins,"Family, Dexterity",competitive,7,https://boardgamegeek.com/boardgame/193214,"acrobatic stacking, Block Party under a big top",,,,,,,
Mega WHOT! - Super Mario,yes,,,,,2-6,6+,20 mins,"Family, Card Game",competitive,,,WHOT is Uno's ancestor. This one wears Mario,,,,,,,
Moa,yes,,,,,3-5,12+,90 mins,"Area Control, Strategy",competitive,6.3,https://boardgamegeek.com/boardgame/214123,bird-powered area control in the El Grande family,,,,,,,
Monolith Arena,yes,,,,,2-4,10+,30-45 mins,"Strategy, Tactical",competitive,7.2,https://boardgamegeek.com/boardgame/238393,Neuroshima Hex with fantasy armies,,,,,,,
Monopoly - Classic,yes,,,,,2-6,8+,60-180 mins,"Family, Economic",competitive,4.4,https://boardgamegeek.com/boardgame/1406,the original property-trading family institution,,,,,,,
Monopoly - Deal Card Game,yes,,,,,2-5,8+,15 mins,"Family, Card Game",competitive,6.3,https://boardgamegeek.com/boardgame/40398,Monopoly compressed into fifteen card-game minutes,,,,,,,
Monopoly Bid,yes,,,,,2-5,7+,15-20 mins,"Family, Card Game",competitive,5.7,https://boardgamegeek.com/boardgame/327797,Monopoly as a quick blind auction,,,,,,,
Munchkin,yes,,,,,3-6,10+,90 mins,"Card Game, Fantasy",competitive,5.9,https://boardgamegeek.com/boardgame/1927,"dungeon take-that, Exploding Kittens-era humour with levels",,,,,,,
Munchkin Marvel,yes,,,,,3-6,10+,90 mins,"Card Game, Fantasy",competitive,6.8,https://boardgamegeek.com/boardgame/189848,Munchkin in the Marvel universe,,,,,,,
Munchkin Panic,yes,,,,,1-6,10+,60 mins,"Cooperative, Strategy",co-op,6,https://boardgamegeek.com/boardgame/156786,Munchkin crossed with Castle Panic,,,,,,,
My First Bananagrams,yes,,,,,1-4,4+,15 mins,"Family, Word Game",competitive,6.2,https://boardgamegeek.com/boardgame/202478,Bananagrams with training wheels,,,,,,,
My First Castle Panic,yes,,,,,1-4,4+,20 mins,"Family, Cooperative",co-op,6.4,https://boardgamegeek.com/boardgame/267314,Castle Panic for pre-schoolers,,,,,,,
My First Stone Age,yes,,,,,2-4,5+,15-20 mins,"Family, Strategy",competitive,6.6,https://boardgamegeek.com/boardgame/191004,Stone Age shrunk for little gatherers,,,,,,,
Mysterium,yes,,,,,2-7,10+,45 mins,"Cooperative, Deduction",co-op,7.2,https://boardgamegeek.com/boardgame/181304,Dixit turned into a ghost-story deduction co-op,,,,,,,
Near and Far,yes,,,,,2-4,13+,90-120 mins,"Strategy, Adventure",competitive,7.6,https://boardgamegeek.com/boardgame/195421,"storybook adventure euro, Above and Below's sequel",,,,,,,
New Frontiers,yes,,,,,2-5,14+,45-90 mins,Strategy,competitive,7.4,https://boardgamegeek.com/boardgame/255692,"Puerto Rico in space, from the Race for the Galaxy line",,,,,,,
New York Zoo,yes,,,,,1-5,10+,30-60 mins,"Family, Strategy",competitive,7,https://boardgamegeek.com/boardgame/300877,Patchwork-style polyomino zoo building,,,,,,,
No Thanks!,yes,,,,,3-7,8+,20 mins,"Card Game, Family",competitive,7.1,https://boardgamegeek.com/boardgame/12942,the simplest push-your-luck bidding ever,,,,,,,
Not Alone,yes,,,,,2-7,10+,30-45 mins,"Strategy, Sci-Fi",competitive,7,https://boardgamegeek.com/boardgame/194879,"hidden-movement cat and mouse, Fugitive at party size",,,,,,,
Now or Never,yes,,,,,1-4,13+,120-180 mins,"Strategy, Adventure",competitive,7.6,https://boardgamegeek.com/boardgame/314745,"Near and Far's sequel, storybook village rebuilding",,,,,,,
Nucleum,yes,,,,,2-4,12+,60-90 mins,"Strategy, Sci-Fi",competitive,8.1,https://boardgamegeek.com/boardgame/396790,Brass Birmingham with atomic reactors,,,,,,,
Oath - Chronicles of Empire and Exile,yes,,,,,1-6,10+,45-150 mins,"Strategy, Legacy",competitive,7.7,https://boardgamegeek.com/boardgame/291572,Root's designer building empires that remember your last game,,,,,,,
Odin's Ravens (Second Edition),yes,,,,,2,10+,30 mins,"Strategy, Card Game",competitive,7,https://boardgamegeek.com/boardgame/192074,"a two-player race across Norway. Jaipur pace, raven theme",,,,,,,
Ok Boomer,yes,,,,,2-8,12+,30-45 mins,"Party, Trivia",competitive,4.7,https://boardgamegeek.com/boardgame/313463,"generation-war trivia, Trivial Pursuit with a smirk",,,,,,,
One Night Ultimate Superheroes,yes,,,,,3-10,8+,10 mins,"Party, Social Deduction",teams,6.8,https://boardgamegeek.com/boardgame/255293,One Night Werewolf in capes,,,,,,,
One Night Ultimate Werewolf,yes,,,,,3-10,8+,10 mins,"Party, Deduction",teams,7,https://boardgamegeek.com/boardgame/147949,"Werewolf compressed into ten minutes, no eliminations",,,,,,,
Ono 99,yes,,,,,2-8,10+,20 mins,"Family, Card Game",competitive,5.7,https://boardgamegeek.com/boardgame/7803,Uno's press-your-luck counting cousin,,,,,,,
Operation Shuffle,yes,,,,,2-6,8+,20 mins,"Family, Card",competitive,,https://boardgamegeek.com/boardgame/239828,Operation dealt out as a card game,,,,,,,
Orleans,yes,,,,,2-5,12+,90 mins,"Strategy, Economic",competitive,8.1,https://boardgamegeek.com/boardgame/164928,"bag-building, Dominion drawn from a cloth bag",,,,,,,
Paladins of the West Kingdom,yes,,,,,1-4,12+,90-120 mins,"Strategy, Worker Placement",competitive,8,https://boardgamegeek.com/boardgame/266810,a heavier Lords of Waterdeep with faith and force,,,,,,,
Palazzo,yes,,,,,2-4,10+,60 mins,"Tile-Laying, Family",competitive,6.5,https://boardgamegeek.com/boardgame/15318,"a Knizia auction of palace floors, Ra energy",,,,,,,
Paleo,yes,,,,,2-4,10+,45-60 mins,"Cooperative, Strategy",co-op,7.7,https://boardgamegeek.com/boardgame/300531,"a stone-age co-op, Pandemic set in prehistory",,,,,,,
Pandemic,yes,,,,,2-4,8+,45 mins,"Cooperative, Strategy",co-op,7.5,https://boardgamegeek.com/boardgame/30549,THE co-op gateway. Cure the world together,,,,,,,
Paperback,yes,,,,,2-5,8+,45 mins,"Strategy, Word",competitive,7.1,https://boardgamegeek.com/boardgame/141572,Scrabble as a deck-builder,,,,,,,
Pendulum,yes,,,,,1-5,12+,60-90 mins,"Strategy, Real-Time",competitive,6.4,https://boardgamegeek.com/boardgame/312804,"a real-time euro, Tzolkin with sand timers",,,,,,,
Phase 10,yes,,,,,2-6,7+,45 mins,"Family, Card Game",competitive,5.3,https://boardgamegeek.com/boardgame/1258,"rummy with a ten-step ladder, Uno's structured cousin",,,,,,,
Pick Up Sticks,yes,,,,,2-6,5+,15 mins,"Family, Classic",competitive,4.4,https://boardgamegeek.com/boardgame/6424,"the steady-hands classic, Jenga's tabletop ancestor",,,,,,,
Pictionary,yes,,,,,2+,8+,60 mins,"Party, Drawing",teams,5.8,https://boardgamegeek.com/boardgame/2281,"the original draw-and-guess, Telestrations' ancestor",,,,,,,
Pictomania,yes,,,,,3-6,9+,25 mins,"Party, Drawing",competitive,7.3,https://boardgamegeek.com/boardgame/98229,Pictionary where everyone draws and guesses at once,,,,,,,
Pirates of Perfidy,yes,,,,,3-6,10+,30 mins,"Party, Card Game",competitive,,https://boardgamegeek.com/boardgame/436471,build the swaggeriest pirate crew while everyone steals from yours,,,,,,,
Planet,yes,,,,,2-4,8+,30-45 mins,"Strategy, Family",competitive,6.6,https://boardgamegeek.com/boardgame/252929,a magnetic 3D Kingdomino. Build a world in your hands,,,,,,,
Playdoh Shuffle,yes,,,,,3-6,8+,30 mins,"Party, Dexterity",competitive,,https://boardgamegeek.com/boardgame/179589,Snap for little kids. Say why your card matches,,,,,,,
Poo,yes,,,,,2-8,8+,15 mins,"Party, Humor",competitive,5.5,https://boardgamegeek.com/boardgame/60579,"monkey mayhem, Exploding Kittens' cheekier cousin",,,,,,,
Pop the Pig,yes,,,,,2-6,4+,15 mins,"Family, Children's Game",competitive,4.2,https://boardgamegeek.com/boardgame/35173,Buckaroo-style kids' press-your-luck,,,,,,,
Psycho Killer,yes,,,,,2-6,15+,15-30 mins,"Horror, Party",competitive,6.7,https://boardgamegeek.com/boardgame/327371,horror-comedy take-that in the Exploding Kittens vein,,,,,,,
Puerto Rico,yes,,,,,2-5,12+,90-150 mins,"Strategy, Economic",competitive,7.9,https://boardgamegeek.com/boardgame/3076,the role-picking classic New Frontiers descends from,,,,,,,
Quacks of Quedlinburg,yes,,yes,,~$70,2-4,10+,45 mins,"Family, Strategy",competitive,7.5,https://boardgamegeek.com/boardgame/409496,Diamant-style push-your-luck inside a bag builder,,,,,,,
Quadefy,yes,,,,,2,8+,15-20 mins,"Strategy, Abstract",competitive,5.8,https://boardgamegeek.com/boardgame/113517,"a two-player wooden abstract, stacking and capturing",,,,,,,
Qwirkle,no,,yes,,~$45,2-4,6+,45 mins,"Abstract Strategy, Family",competitive,7.0,https://boardgamegeek.com/boardgame/25669,Scrabble crossed with dominoes,,,,,,,
Ra,no,,yes,,~$80,2-5,12+,60 mins,"Strategy, Auction",competitive,7.6,https://boardgamegeek.com/boardgame/12,"Modern Art's auction sibling, peak Knizia",,,,,,,
Red Cathedral,yes,,,,,1-4,10+,80-120 mins,"Strategy, Family",competitive,7.7,https://boardgamegeek.com/boardgame/227224,an Istanbul-weight euro with a dice market,,,,,,,
Red Rising,yes,,yes,,~$55,1-6,14+,45-60 mins,"Strategy, Fantasy",competitive,7,https://boardgamegeek.com/boardgame/329465,Fantasy Realms in the Red Rising universe,,,,,,,
Res Arcana,no,,yes,,~$60,2-4,12+,20-60 mins,"Strategy, Card Game",competitive,7.6,https://boardgamegeek.com/boardgame/262712,"Splendor with teeth, from the Race for the Galaxy designer",,,,,,,
Rick and Morty - Total Rickall,yes,,,,,2-5,15+,30 mins,"Cooperative, Deduction",co-op,6.1,https://boardgamegeek.com/boardgame/194232,One Night Werewolf with fake family members,,,,,,,
Rising Sun,yes,,,,,3-5,14+,90-120 mins,"Strategy, Area Control",competitive,7.8,https://boardgamegeek.com/boardgame/205896,Blood Rage's honour-bound Japanese sibling,,,,,,,
Roll for the Galaxy,yes,,yes,,~$95,2-5,14+,45 mins,"Strategy, Dice Game",competitive,7.6,https://boardgamegeek.com/boardgame/132531,Race for the Galaxy rebuilt with dice,,,,,,,
Roll Player,yes,,yes,,~$75,1-4,10+,60-90 mins,"Strategy, Dice Game",competitive,7.4,https://boardgamegeek.com/boardgame/169426,Sagrada wearing a character-sheet skin,,,,,,,
Root,yes,,,,,2-4,10+,60-90 mins,"Strategy, Asymmetric",competitive,8.1,https://boardgamegeek.com/boardgame/237182,asymmetric woodland warfare. Every faction plays a different game,,,,,,,
Rubiks Cage,yes,,,,,2-4,7+,20 mins,"Puzzle, Family",competitive,6.4,https://boardgamegeek.com/boardgame/283609,Connect 4 inside a Rubik's twist,,,,,,,
Rummikub Original,yes,,,,,2-4,8+,60 mins,"Family, Abstract",competitive,6.5,https://boardgamegeek.com/boardgame/811,"gin rummy with tiles, the classic set-shuffler",,,,,,,
RUN,yes,,,,,2-5,8+,10-15 mins,"Family, Card Game",competitive,7.5,https://boardgamegeek.com/boardgame/368028,"Fugitive's bigger sibling. One runs, one flies the helicopter",,,,,,,
RuneScape Kingdoms: King Black Dragon,yes,,,,,1-5,14+,60-120 mins,"Expansion, Adventure",competitive,,https://boardgamegeek.com/boardgameexpansion/415085,a boss-fight expansion for RuneScape Kingdoms,,,,,,,
RuneScape Kingdoms: Shadow of Elvarg,yes,,,,,1-5,14+,60-120 mins,"Cooperative, Adventure",co-op,7.5,https://boardgamegeek.com/boardgame/361503,"RuneScape as a co-op quest crawl, Jaws of the Lion for MMO fans",,,,,,,
RuneScape Kingdoms: The Roleplaying Game,yes,,,,,1-5,14+,Varies,"Roleplaying, Adventure",competitive,,https://rpggeek.com/rpg/102491,"a tabletop RPG, D&D in Gielinor",,,,,,,
Sabotage,yes,,,,,2-4,10+,45-60 mins,"Strategy, Deduction",teams,7.2,https://boardgamegeek.com/boardgame/252854,"Captain Sonar's sneaky cousin, 2v2 hidden movement",,,,,,,
Saboteur,yes,,,,,3-10,8+,30 mins,"Social Deduction, Strategy",teams,6.5,https://boardgamegeek.com/boardgame/9220,"hidden-traitor tunnel digging, Werewolf with pickaxes",,,,,,,
Scape Goat,yes,,,,,3-6,10+,20 mins,"Party, Social Deduction",competitive,6.9,https://boardgamegeek.com/boardgame/315043,"a quick framing job, Coup energy with goats",,,,,,,
SCOUT,yes,,,,,2-5,9+,15 mins,"Family, Card Game",competitive,7.8,https://boardgamegeek.com/boardgame/291453,trick-taking meets hand Tetris. You can't rearrange your cards,,,,,,,
Scrabble,yes,,,,,2-4,8+,60 mins,"Family, Word",competitive,6.3,https://boardgamegeek.com/boardgame/320,the word-building institution,,,,,,,
Sea Battle,yes,,,,,2,6+,30 mins,"Family, Classic",competitive,,,"Battleship. Call your shots, sink their fleet",,,,,,,
Secret Hitler,yes,,,,,5-10,13+,45 mins,"Deduction, Political",teams,7.5,https://boardgamegeek.com/boardgame/188834,"Avalon's political sibling, hidden roles in parliament",,,,,,,
Secrets,yes,,,,,4-8,10+,30-45 mins,"Party, Social Deduction",competitive,6.4,https://boardgamegeek.com/boardgame/200847,Mascarade's spy-era cousin. Your team keeps changing,,,,,,,
Selfish,yes,,,,,2-5,12+,20-30 mins,"Strategy, Card Game",competitive,6,https://boardgamegeek.com/boardgame/265912,"a backstabbing race for oxygen, Exploding Kittens meanness",,,,,,,
Selfish: Zombies,yes,,,,,2-5,12+,20-30 mins,"Strategy, Card Game",competitive,6,https://boardgamegeek.com/boardgame/288583,"Selfish's undead sibling, same backstabbing race",,,,,,,
Sequence,yes,,,,,2-12,7+,30 mins,"Family, Classic",competitive,6.2,https://boardgamegeek.com/boardgame/2375,"Connect Five with cards, the family classic",,,,,,,
SETI,no,,yes,,$105–140,1-4,14+,40-160 mins,"Strategy, Science Fiction",competitive,8.1,https://boardgamegeek.com/boardgame/418059,Terraforming Mars meets Ark Nova,Jehan,Terraforming Mars fans start here,,,,,
Settlers of Catan Expansion 5-6 Player,yes,,,yes,,5-6,10+,90 mins,"Strategy, Family",competitive,,https://boardgamegeek.com/boardgameexpansion/2807,Catan stretched to five and six players,,,,,,,
Shadows of Brimstone City of Ancients,yes,,,,,1-4,12+,60-120 mins,"Cooperative, Adventure",co-op,7.9,https://boardgamegeek.com/boardgame/146791,"a Wild-West Lovecraft dungeon crawl, Gloomhaven's pulpier cousin",,,,,,,
Sherlock Holmes Consulting Detective,yes,,,,,1-8,14+,60-120 mins,"Cooperative, Deduction",co-op,7.6,https://boardgamegeek.com/boardgame/2511,"Awkward Guests' grandparent, pure casebook deduction",,,,,,,
Shit Happens,yes,,,,,2-8,18+,20-60 mins,"Party, Card Game",competitive,5.3,https://boardgamegeek.com/boardgame/196379,"rank the misfortunes, Cards Against Humanity's ranking cousin",,,,,,,
Shut The Box,yes,,,,,1+,8+,10-20 mins,"Family, Dice Game",competitive,5.2,https://boardgamegeek.com/boardgame/9851,"the pub dice classic, Yahtzee's tiny ancestor",,,,,,,
Sidereal Confluence,yes,,,,,4-9,14+,120-180 mins,"Strategy, Economic",competitive,7.8,https://boardgamegeek.com/boardgame/202426,"Catan's trading dialled to eleven, one giant simultaneous negotiation",,,,,,,
Sideshow Swap,yes,,,,,3-6,8+,20-30 mins,"Party, Deduction",competitive,6.8,https://boardgamegeek.com/boardgame/256443,Love Letter at the circus. Swap your act blind and hope,,,,,,,
Skip-Bo,yes,,,,,2-6,7+,20 mins,"Family, Card Game",competitive,5.7,https://boardgamegeek.com/boardgame/1269,Uno's sequencing sibling,,,,,,,
Skulk Hollow,yes,,,,,2,10+,40-60 mins,"Strategy, Asymmetrical",competitive,7.2,https://boardgamegeek.com/boardgame/232595,"a one-vs-one Root, leaping foxes versus a stone guardian",,,,,,,
Skull,yes,,,,,3-6,10+,30-45 mins,"Bluffing, Party",competitive,7.2,https://boardgamegeek.com/boardgame/92415,"the purest bluff ever printed, poker distilled to four coasters",,,,,,,
Sky Team,yes,,yes,,~$55,2,12+,15 mins,"Cooperative, Two Player",co-op,7.9,https://boardgamegeek.com/boardgame/373106,The Crew condensed to two seats,Ollie,Perfect date-night co-op,,,,,
Small World - Warcraft,yes,,,,,2-5,10+,30-60 mins,"Area Control, Strategy",competitive,7.2,https://boardgamegeek.com/boardgame/309630,Small World wearing Warcraft races,,,,,,,
Smash Up,yes,,,,,2-4,12+,45 mins,"Strategy, Card Game",competitive,6.7,https://boardgamegeek.com/boardgame/122522,"faction mash-up brawls, pirate-dinosaurs versus zombie-wizards",,,,,,,
Sounds Fishy,yes,,,,,4-10,10+,20-30 mins,"Party, Bluffing",competitive,6.7,https://boardgamegeek.com/boardgame/359893,Balderdash flipped. Spot the true answer among liars,,,,,,,
Space Base,no,,yes,,~$80,2-5,14+,60 mins,"Strategy, Dice",competitive,7.4,https://boardgamegeek.com/boardgame/242302,"Machi Koro, grown up",,,,,,,
Spirit Island,yes,,,,,1-4,13+,90-120 mins,"Cooperative, Strategy",co-op,8.3,https://boardgamegeek.com/boardgame/162886,"the anti-Catan, heavy co-op spirits repelling colonists",,,,,,,
Splendor,yes,,yes,,~$62,2-4,10+,30 mins,"Strategy, Economic",competitive,7.4,https://boardgamegeek.com/boardgame/148228,Century: Golem Edition's engine-building twin,,,,,,,
Stabber in the Cabin,yes,,,,,4-10,12+,20 mins,"Party, Social Deduction",competitive,,https://boardgamegeek.com/boardgame/429885,ten-minute cabin Werewolf,,,,,,,
Streets,yes,,,,,1-5,10+,30-60 mins,"Strategy, Tile-Laying",competitive,6.6,https://boardgamegeek.com/boardgame/279720,The Isle of Cats' designer doing city streets,,,,,,,
Suburbia,yes,,,,,1-4,8+,90 mins,"Strategy, City Building",competitive,7.5,https://boardgamegeek.com/boardgame/123260,SimCity as a tile-laying engine,,,,,,,
Summoner Wars,yes,,,,,2,9+,30-60 mins,"Strategy, Tactical",competitive,7.2,https://boardgamegeek.com/boardgame/58281,a card-driven battle duel. Magic meets chess,,,,,,,
Sushi Go,yes,,,,,2-5,8+,15 mins,"Family, Card Game",competitive,7,https://boardgamegeek.com/boardgame/133473,7 Wonders shrunk to a sushi train,,,,,,,
T.I.M.E Stories: Under the Mask,yes,,,yes,,2-4,12+,90 mins,"Cooperative, Adventure",co-op,7.3,https://boardgamegeek.com/boardgameexpansion/189686,an Ancient-Egypt case for T.I.M.E Stories,,,,,,,
Taboo,yes,,,,,4-10,12+,30 mins,"Party, Word",teams,6.3,https://boardgamegeek.com/boardgame/1111,"Codenames' loud ancestor, forbidden-word guessing",,,,,,,
Taco Cat Cheese Pizza,yes,,,,,3-8,8+,10 mins,"Party, Dexterity",competitive,6.5,https://boardgamegeek.com/boardgame/253664,Jungle Speed's shouty card cousin,,,,,,,
Tainted Grail - Kings of Ruin,yes,,,,,1-4,14+,90-120 mins,"Strategy, Adventure",competitive,8.6,https://boardgamegeek.com/boardgame/360366,a grim Arthurian story crawl. Gloomhaven meets a novel,,,,,,,
Tang Garden,yes,,,,,1-4,14+,45-60 mins,"Strategy, Tile-Placement",competitive,7.3,https://boardgamegeek.com/boardgame/252153,"a zen garden builder, Tokaido's landscaping cousin",,,,,,,
Tapple,no,,yes,,~$32,2-8,8+,20 mins,"Party, Word",competitive,6.4,https://boardgamegeek.com/boardgame/129556,Scattergories at speed,,,,,,,
Tavern Masters,yes,,,,,1-6,13+,30-60 mins,Resource Management,competitive,6.8,https://boardgamegeek.com/boardgame/210418,"run a fantasy pub, Machi Koro behind the bar",,,,,,,
Terra Mystica,yes,,,,,2-5,14+,60-150 mins,"Strategy, Economic",competitive,8,https://boardgamegeek.com/boardgame/120677,the heavy terraforming classic Gaia Project grew from,,,,,,,
Terra Mystica (Big Box),yes,,yes,,$180+,2-5,12+,150 mins,"Strategy, Economic",competitive,8.1,https://boardgamegeek.com/boardgame/356238/terra-mystica-big-box,Gaia Project's fantasy parent,,,,,,,
Terraforming Mars,yes,,,,,1-5,12+,120 mins,"Strategy, Economic",competitive,8.3,https://boardgamegeek.com/boardgame/167791,"the engine-builder about greening Mars, Ark Nova's space rival",,,,,,,
The Gang,yes,,,,,3-6,10+,20 mins,"Cooperative, Card Game",co-op,7.5,https://boardgamegeek.com/boardgame/411567,"co-op Texas hold'em, poker as a team puzzle",,,,,,,
The Great Wall,yes,,,,,1-4,14+,120-180 mins,"Strategy, Worker Placement",competitive,7.8,https://boardgamegeek.com/boardgame/292375,Tzolkin's crunch pointed at a Mongol invasion,,,,,,,
The Isle of Cats,yes,,,,,1-4,8+,60-90 mins,"Strategy, Family",competitive,7.6,https://boardgamegeek.com/boardgame/281259,Patchwork scaled up to a boatload of cats,,,,,,,
The Mind,yes,,,,,2-4,8+,15 mins,"Cooperative, Card Game",co-op,6.7,https://boardgamegeek.com/boardgame/244992,"wordless co-op counting, Hanabi's telepathic cousin",,,,,,,
The Quest for El Dorado,yes,,,,,2-4,10+,60 mins,"Strategy, Deck Building",competitive,7.7,https://boardgamegeek.com/boardgame/217372,"deck-building as a race, Dominion strapped to a jungle sprint",,,,,,,
The Red Dragon Inn,yes,,,,,2-4,13+,45 mins,"Party, Card Game",competitive,6.5,https://boardgamegeek.com/boardgame/24310,"drink your mates under a fantasy table, Munchkin's pub crawl",,,,,,,
The Resistance,yes,,,,,5-10,13+,30 mins,"Party, Social Deduction",teams,7.2,https://boardgamegeek.com/boardgame/41114,Werewolf without eliminations. The missions decide,,,,,,,
The Sherriff of Nottingham,yes,,,,,3-5,14+,60 mins,"Bluffing, Strategy",competitive,7,https://boardgamegeek.com/boardgame/157969,Skull with contraband. Bluff your bag past the sheriff,,,,,,,
The Singaporean Dream,yes,,,,,2-6,8+,20-30 mins,"Family, Strategy",competitive,5.3,https://boardgamegeek.com/boardgame/267030,Singapore's satirical take on the Selfish formula,,,,,,,
The Sweet and Spicy Truth,yes,,,,,3-8,18+,30-45 mins,"Party, Social",competitive,,https://boardgamegeek.com/boardgame/311211,adults only. Your mates bet on how you'll answer,,,,,,,
The Yawning Portal,yes,,,,,2-4,10+,45-60 mins,"Strategy, Fantasy",competitive,7.1,https://boardgamegeek.com/boardgame/367820,Kingdomino-weight drafting set in D&D's famous tavern,,,,,,,
Ticket to Ride,yes,,yes,,~$75,2-5,8+,30-60 mins,"Family, Strategy",competitive,7.4,https://boardgamegeek.com/boardgame/9209,"Carcassonne on rails, the other gateway classic",,,,,,,
Ticket to Ride: Europe,yes,,,,,2-5,8+,30-60 mins,"Strategy, Family",competitive,7.5,https://boardgamegeek.com/boardgame/14996,"the train-route gateway classic, Europe edition",,,,,,,
TIME Stories,yes,,,,,2-4,12+,90 mins,"Cooperative, Adventure",co-op,7.3,https://boardgamegeek.com/boardgame/146508,Sherlock-style deduction inside a time loop you replay,,,,,,,
Tokaido,yes,,,,,2-5,8+,45 mins,"Strategy, Family",competitive,6.9,https://boardgamegeek.com/boardgame/123540,"a serene stroll across Japan, Ticket to Ride's zen cousin",,,,,,,
Tri-Ominos,yes,,,,,2-6,8+,30 mins,"Family, Abstract",competitive,5.4,https://boardgamegeek.com/boardgame/4040,dominoes gone triangular,,,,,,,
Trivial Pursuit - Horror,yes,,,,,2-6,18+,60 mins,"Trivia, Party",competitive,5.8,https://boardgamegeek.com/boardgame/269963,Trivial Pursuit for horror tragics,,,,,,,
Trivial Pursuit - Supernatural,yes,,,,,2-6,13+,60 mins,"Trivia, Party",competitive,,https://boardgamegeek.com/boardgame/253204,Trivial Pursuit for Winchester devotees,,,,,,,
Trust me I'm a Doctor,yes,,,,,3-8,14+,30-45 mins,"Party, Social",competitive,5.8,https://boardgamegeek.com/boardgame/295687,"pitch quack cures, Balderdash with a stethoscope",,,,,,,
"Trust Me, I'm a Superhero",yes,,,,,3-9,12+,30 mins,"Party, Humor",competitive,5.6,https://boardgamegeek.com/boardgame/315733,"pitch your hero to a judge, Superfight in capes",,,,,,,
Two Rooms and a Boom,yes,,,,,6-30,8+,30 mins,"Party, Social Deduction",teams,7,https://boardgamegeek.com/boardgame/134352,"Werewolf split across two rooms, whole-venue deduction",,,,,,,
Tzaar,yes,,,,,2,13+,30 mins,Abstract Strategy,competitive,7.7,https://boardgamegeek.com/boardgame/31999,chess-weight abstract from the GIPF project,,,,,,,
Tzolkin: The Mayan Calendar,yes,,,,,2-4,13+,90 mins,"Strategy, Worker Placement",competitive,7.8,https://boardgamegeek.com/boardgame/126163,"worker placement on literal turning gears, Orleans' crunchier cousin",,,,,,,
Ultimate Werewolf,yes,,,,,5-30,8+,30-90 mins,"Party, Deduction",teams,6.5,https://boardgamegeek.com/boardgame/152241,the big-group social deduction original,,,,,,,
Undaunted: Battle of Britain,yes,,,,,2,14+,45-60 mins,"Deck Building, Strategy",competitive,7.9,https://boardgamegeek.com/boardgame/366495,"Undaunted's dogfighting chapter, deck-built WWII duels",,,,,,,
Undaunted: Normandy,yes,,,,,2,14+,45-60 mins,"Deck Building, Strategy",competitive,7.8,https://boardgamegeek.com/boardgame/268864,a deck-built WWII skirmish. Memoir '44 meets Dominion,,,,,,,
Unfair,yes,,,,,2-5,14+,50-125 mins,"Family, Card Game",competitive,7.3,https://boardgamegeek.com/boardgame/179172,"build a theme park, sabotage your rivals. Machi Koro with malice",,,,,,,
Unlock!,yes,,yes,,~$50,1-6,10+,60 mins,"Cooperative, Puzzle",co-op,7.4,https://boardgamegeek.com/boardgamefamily/39442,EXIT with an app. Nothing gets destroyed,Jehan,Replayable co-op puzzles,,,,,
Uno,yes,,,,,2-10,7+,30 mins,"Family, Card Game",competitive,5.5,https://boardgamegeek.com/boardgame/2223,"the colour-matching classic, Crazy Eights perfected",,,,,,,
Uno - Flip,yes,,,,,2-10,7+,30 mins,"Family, Card Game",competitive,6.3,https://boardgamegeek.com/boardgame/271460,Uno with a dark side. Flip the whole deck,,,,,,,
Uno All Wild,yes,,,,,2-10,7+,20 mins,"Family, Card Game",competitive,4.5,https://boardgamegeek.com/boardgame/352997,Uno where every card is wild,,,,,,,
Uno Show em No Mercy,yes,,,,,2-10,7+,30 mins,"Family, Card Game",competitive,6.1,https://boardgamegeek.com/boardgame/399088,Uno's brutal no-mercy variant,,,,,,,
Upwords,yes,,,,,2-4,8+,30 mins,"Family, Word",competitive,5.8,https://boardgamegeek.com/boardgame/1515,"Scrabble in 3D. Stack letters, change words",,,,,,,
Viticulture,yes,,yes,,~$95,1-6,13+,90 mins,"Strategy, Economic",competitive,8.1,https://boardgamegeek.com/boardgame/128621,Lords of Waterdeep charm with Agricola-lite farming,,,,,,,
Wandering Towers,no,,yes,,~$60,2-6,8+,30 mins,"Family, Racing",competitive,7.3,https://boardgamegeek.com/boardgame/355483,Labyrinth with memory and stacking chaos,,,,,,,
Wavelength,yes,,yes,,~$60,2-12,14+,30-45 mins,"Party, Deduction",competitive,7.2,https://boardgamegeek.com/boardgame/262543,Hues and Cues for concepts instead of colours,Jehan,Best big-group conversation game,,,,,
We Forlorn Few,yes,,yes,,~$60?,1-4,12+,~45 mins,"Adventure, Survival",competitive,,https://boardgamegeek.com/boardgame/427584,"pioneers heading west, Oregon Trail with combat and betrayal",,,,,,,
Werewolves of Millers Hollow,yes,,,,,8-18,10+,30 mins,"Party, Deduction",teams,6.7,https://boardgamegeek.com/boardgame/25821,"classic village Werewolf, moderator and all",,,,,,,
What Next,yes,,,,,1-4,10+,45-90 mins,"Cooperative, Adventure",co-op,6.4,https://boardgamegeek.com/boardgame/342443,a co-op choose-your-path adventure with dexterity minigames,,,,,,,
Wingspan,yes,,,,,1-5,10+,40-70 mins,"Strategy, Family",competitive,8,https://boardgamegeek.com/boardgame/266192,"Everdell's feathered rival, the engine-builder that made birds cool",,,,,,,
Wizard,yes,,,,,3-6,10+,45 mins,"Family, Card Game",competitive,7,https://boardgamegeek.com/boardgame/1465,"trick-taking with exact bids, 500's sharper cousin",,,,,,,
Wyrmspan,yes,,yes,,~$110,1-5,14+,90 mins,"Strategy, Card Game",competitive,7.9,https://boardgamegeek.com/boardgame/410201,"Wingspan with dragons, a notch crunchier",,,,,,,
Xi'an,yes,,,,,2-4,14+,60-90 mins,"Worker Placement, Strategy",competitive,7.1,https://boardgamegeek.com/boardgame/234828,"a terracotta-army euro, dice placement in ancient China",,,,,,,
Yum Cha,yes,,,,,2-4,8+,60-120 mins,"Family, Card Game",competitive,6.4,https://boardgamegeek.com/boardgame/363991,"matching dim sum sets. Mahjong, but breezier",,,,,,,